Language,Consonants
Adyghe,"['b', 'ɕ', 'd', 'dz', 'dzʷ', 'dʒ', 'f', 'ɣ', 'ɡʷ', 'ħ', 'j', 'kʷ', 'kʼ', 'kʷʼ', 'l', 'ɬ', 'ɬʼ', 'm', 'n', 'p', 'pʼ', 'pʷʼ', 'q', 'qʷ', 'r', 'ʁ', 'ʁʷ', 's', 'ʃ', 'ʃʷ', 'ʃʷʼ', 'ʂ', 't', 'tʼ', 'tʷʼ', 'ts', 'tsʷ', 'tsʼ', 'tʃ', 'tʃʼ', 'tʂ', 'tʂʼ', 'w', 'x', 'χ', 'χʷ', 'z', 'ʑ', 'ʒ', 'ʒʷ', 'ʐ', 'ʔ', 'ʔʷ', 'k', 'v']"
Afrikaans,"['b', 'd', 'f', 'ɦ', 'j', 'k', 'l', 'm', 'n', 'ŋ', 'p', 'r', 's', 'ʃ', 't', 'tʃ', 'χ', 'v', 'ʒ', 'ʔ', 'dʒ', 'ɡ', 'w', 'z', 'ˈ', 'ˌ']"
Albanian,
Amharic,
Arabic,
Egyptian_Arabic,"['ʔ', 'ʕ', 'b', 'd', 'dˤ', 'f', 'ɡ', 'h', 'ħ', 'j', 'k', 'l', 'm', 'n', 'q', 'ɾ', 's', 'sˤ', 'ʃ', 't', 'tˤ', 'w', 'x', 'ɣ', 'z', 'zˤ', 'p', 'v', 'ʒ']"
Hejazi_Arabic,"['ʔ', 'ʕ', 'b', 'd', 'dˤ', 'dʒ', 'ð', 'f', 'ɡ', 'h', 'ħ', 'j', 'k', 'l', 'ɫ', 'm', 'n', 'θ', 'r', 's', 'sˤ', 'ʃ', 't', 'tˤ', 'w', 'x', 'ɣ', 'z', 'zˤ', 'q', 'ðˤ', 'p', 'v']"
Lebanese_Arabic,"['b', 'd', 'dˤ', 'f', 'h', 'ħ', 'k', 'l', 'm', 'n', 'r', 's', 'sˤ', 'ʃ', 't', 'tˤ', 'x', 'ɣ', 'z', 'zˤ', 'ʒ', 'ʔ', 'ʕ', 'j', 'w', 'θ', 'ð', 'ðˤ', 'q', 'g', 'p', 'v']"
Tunisian_Arabic,"['b', 'd', 'ð', 'dz', 'ʒ', 'f', 'ɡ', 'h', 'ħ', 'j', 'k', 'l', 'm', 'n', 'θ', 'q', 'p', 'r', 's', 'ʃ', 't', 'tʃ', 'v', 'w', 'χ', 'ʁ', 'z', 'ʕ', 'ʔ', 'ɑ', 'æ', 'ɛː', 'ɪ', 'i', 'iː', 'ɔ', 'ʊ', 'uː']"
Armenian,"['b', 'd', 'dz', 'dʒ', 'f', 'g', 'h', 'j', 'kʰ', 'k', 'l', 'm', 'n', 'ŋ', 'pʰ', 'p', 'r', 'ɹ', 'ʁ', 's', 'ʃ', 'tʰ', 't', 'tsʰ', 'ts', 'tʃʰ', 'tʃ', 'v', 'χ', 'z', 'ʒ']"
Assamese,"['b', 'bʱ', 'd', 'ɡ', 'ɦ', 'j', 'k', 'kʰ', 'l', 'm', 'n', 'ŋ', 'p', 'pʰ', 'ɹ', 'ɹʰ', 's', 't', 'tʰ', 'w', 'x', 'z', 'zʱ']"
Astur-Leonese,"['b', 'ɸ', 'β', 'ɸ', 'd', 'ð', 'θ', 'f', 'h', 'ʰ', 'ɡ', 'x', 'ɣ', 'x', 'ʝ', 'ʝ', 'ɟʝ', 'k', 'l', 'l̩', 'ʎ', 'ʎ', 'm', 'n', 'ŋ', 'ɲ', 'p', 'r', 'ɾ', 'r', 's', 'ʰ', 'ð', 'z', 't', 'tʃ', 'v', 'θ', 'θ', 'h', 'ð', 'ð', 'ʃ', 'h', 'ʒ', 'ʒ']"
Australian_languages,"['b̥', 'd̥', 'd̪̥', 'ɖ̥', 'ɡ̊', 'ɟ̊', 'j', 'l', 'ɭ', 'ʎ', 'm', 'n', 'n̪', 'ɳ', 'ɲ', 'ŋ', 'r', 'ɾ', 'ɹ', 'ɽ', 'ɻ', 'w']"
Azerbaijani,
Basque,"['b', 'β', 'c', 'd', 'ð', 'f', 'ɡ', 'ɣ', 'h', 'j', 'ɟ', 'k', 'l', 'ʎ', 'm', 'n', 'ɲ', 'p', 'r', 'ʁ', 'ɾ', 's̺', 's̻', 'ʃ', 't', 'ts̺', 'ts̻', 'tʃ']"
Belarusian,"['b', 'd', 'd͡z', 'd͡ʐ', 'f', 'ɣ', 'k', 'l', 'm', 'n', 'p', 'r', 's', 'ʂ', 't', 't͡s', 't͡ʂ', 'v', 'x', 'z', 'ʐ', 'ɡ']"
Bengali,"['b', 'ʱ', 'd', 'ʱ', 'ɖ', 'ʱ', 'dʒ', 'ʱ', 'ɡ', 'ʱ', 'ɦ', 'k', 'ʰ', 'l', 'm', 'n', 'ŋ', 'p', 'ʰ', 'ɽ', 's', 'ʃ', 't', 'ʰ', 'ʈ', 'ʰ', 'tʃ', 'ʰ', 'z']"
Berber,
Breton,"['b', 'x', 'ɣ', 'd', 'f', 'ɡ', 'h', 'ʒ', 'k', 'l', 'ʎ', 'm', 'n', 'ŋ', 'ɲ', 'p', 'r', 'ʁ', 's', 'ʃ', 't', 'v', 'z', 'j', 'w', 'ɥ']"
Bulgarian,"['b', 'c', 'd', 'd͡z', 'd͡ʒ', 'f', 'ɡ', 'ɟ', 'j', 'k', 'l', 'ɫ', 'ʎ', 'm', 'n', 'ɲ', 'ŋ', 'p', 'r', 's', 'ʃ', 't', 't͡s', 't͡ʃ', 'v', 'x', 'z', 'ʒ', 'ɣ', 'ç', 'w']"
Burmese,"['b', 'd', 'dʑ', 'ð', 'ɡ', 'h', 'j', 'k', 'l', 'm', 'n', 'ɲ', 'ŋ', 'p', 'ɹ', 's', 'ʃ', 't', 'tɕ', 'θ', 'w', 'z', 'ʔ']"
Catalan,"['b', 'v', 'β', 'b', 'd', 'dz', 'z', 'dʒ', 'ð', 'f', 'ɡ', 'ɣ', 'k', 'l', 'ʎ', 'm', 'n', 'ɲ', 'ŋ', 'p', 'r', 'ɾ', 's', 'ʃ', 'ʃ', 'tʃ', 't', 'ts', 'tʃ', 'v', 'z', 'ʒ', 'j', 'ʒ', 'h', 'θ', 'x', 'j', 'w']"
Mandarin,"['ɕ', 'f', 'j', 'k', 'l', 'm', 'n', 'ŋ', 'p', 'ɻ', 's', 'ʂ', 't', 'tɕ', 'ts', 'ʈʂ', 'w', 'x', 'ɥ']"
Cantonese,"['f', 'h', 'j', 'k', 'k̚', 'kʰ', 'kʷ', 'l', 'm', 'n', 'ŋ', 'p', 'p̚', 'pʰ', 's', 't', 't̚', 'tʰ', 'ts', 'tsʰ', 'w', 'm̩', 'ŋ̩']"
Taiwanese_Hokkien,"['p', 'pʰ', 'b', 'm', 't', 'tʰ', 'l', 'n', 'k', 'kʰ', 'g', 'ŋ', 'h', 'ʔ', 't͡s', 't͡ɕ', 't͡sʰ', 't͡ɕʰ', 's', 'ɕ', 'd͡z', 'z', 'd͡ʑ', 'ʑ', 'm̩', 'ŋ̍', 'p̚', 't̚', 'k̚', 'ʔ']"
Corsican,"['b', 'c', 'd', 'dz', 'dʒ', 'ɖ', 'ð', 'f', 'ɡ', 'ɟ', 'k', 'l', 'ʎ', 'm', 'ɱ', 'n', 'ŋ', 'ɲ', 'p', 'r', 's', 'ʃ', 't', 'ts', 'tʃ', 'v', 'z', 'ʒ', 'j', 'w']"
Czech,"['b', 'c', 'd', 'dz', 'dʒ', 'f', 'ɡ', 'ɦ', 'j', 'ɟ', 'k', 'l', 'l̩', 'm', 'm̩', 'n', 'ɲ', 'ŋ', 'p', 'r', 'r̩', 'r̝', 'r̝̊', 's', 'ʃ', 't', 'ts', 'tʃ', 'v', 'x', 'z', 'ʒ']"
Danish,"['ɕ', 'ð', 'f', 'h', 'j', 'k', 'kʰ', 'l', 'm', 'n', 'ŋ', 'p', 'pʰ', 'ʁ', 's', 't', 'tsʰ', 'tɕ', 'v', 'ˀ']"
Persian,"['b', 'd', 'dʒ', 'f', 'ɡ', 'ɣ', 'q', 'h', 'j', 'k', 'l', 'm', 'n', 'p', 'ɾ', 'ɹ', 's', 'ʃ', 't', 'tʃ', 'v', 'x', 'z', 'ʒ', 'ʔ', 'ŋ']"
Dutch,"['b', 'd', 'f', 'ɣ', 'ɦ', 'j', 'k', 'l', 'm', 'n', 'ŋ', 'p', 'r', 's', 't', 'v', 'ʋ', 'x', 'z', 'c', 'ɡ', 'ɟ', 'ɲ', 'ʃ', 'ʒ', 'ʔ', 'ˈ', 'ˌ']"
English,[]
Old_English,
Emilian-Romagnol,"['b', 'd', 'dz', 'ð', 'f', 'ɡ', 'k', 'l', 'ʎ', 'm', 'ɱ', 'n', 'ŋ', 'ɲ', 'p', 'ʁ', 's', 't', 'ts', 'θ', 'v', 'z', 'j', 'w', 'ˈ', 'ˌ', '.', 'ː']"
Esperanto,"['b', 't͡s', 't͡ʃ', 'd', 'f', 'ɡ', 'd͡ʒ', 'h', 'x', 'j', 'ʒ', 'k', 'l', 'm', 'n', 'p', 'r', 's', 'ʃ', 't', 'v', 'z']"
Estonian,"['b', 'd', 'f', 'ɡ', 'h', 'j', 'k', 'l', 'm', 'n', 'ŋ', 'p', 'r', 's', 'ʃ', 't', 'ʋ', 'ʔ', 'ˈ']"
Fijian,"['β', 'ð', 'j', 'k', 'l', 'm', 'n', 'ŋ', 'r', 's', 't', 'tʃ', 'ɰ']"
Finnish,"['b', 'd', 'f', 'ɡ', 'h', 'j', 'k', 'kː', 'l', 'lː', 'm', 'mː', 'n', 'nː', 'ŋ', 'p', 'pː', 'r', 's', 'sː', 'ʃ', 't', 'tː', 'ʋ', 'ʔ', 'ˈ']"
Franco-Proven%C3%A7al,"['b', 'ç', 'd', 'ð', 'f', 'ɡ', 'dʒ', 'ɟ', 'ʒ', 'h', 'k', 'ʃ', 'ts', 'tʃ', 'l', 'ʎ', 'm', 'n', 'ɲ', 'ŋ', 'p', 'ʁ', 's', 't', 'θ', 'v', 'z']"
French,"['b', 'd', 'f', 'ɡ', 'k', 'l', 'm', 'n', 'ɲ', 'ŋ', 'p', 'ʁ', 's', 'ʃ', 't', 'v', 'z', 'ʒ', 'j', 'w', 'ɥ']"
Galician,"['b', 'β', 'd', 'ð', 'f', 'ɡ', 'ɣ', 'k', 'l', 'ʎ', 'm', 'n', 'ŋ', 'ɲ', 'p', 'θ', 'r', 'ɾ', 's', 'ʃ', 't', 'tʃ', 'v', 'z', 'ħ', 'ʝ']"
Georgian,"['b', 'ɡ', 'd', 'v', 'z', 'tʰ', 'kʼ', 'l', 'm', 'n', 'pʼ', 'ʒ', 'r', 's', 'tʼ', 'pʰ', 'kʰ', 'ʁ', 'qʼ', 'ʃ', 'tʃʰ', 'tsʰ', 'dz', 'tsʼ', 'tʃʼ', 'χ', 'dʒ', 'h']"
Standard_German,"['b', 'ç', 'd', 'f', 'ɡ', 'h', 'j', 'k', 'l', 'l̩', 'm', 'm̩', 'n', 'n̩', 'ŋ', 'p', 'pf', 'ʁ', 's', 'ʃ', 't', 'ts', 'tʃ', 'v', 'x', 'z', 'ʔ', 'dʒ', 'ɹ', 'ʒ', 'ˈ', 'ˌ']"
Alemannic_German,"['b̥', 'ç', 'd̥', 'f', 'fː', 'ɡ̊', 'ɣ̊', 'ʁ̥', 'h', 'j', 'k', 'kː', 'kʰ', 'kx', 'qχ', 'l', 'lː', 'ɫ', 'ɫː', 'm', 'mː', 'n', 'nː', 'ŋ', 'ŋː', 'p', 'pː', 'pʰ', 'pf', 'r', 'rː', 'ʀ', 'ʁ', 'ʁ̥', 'ʕ', 's', 'sː', 'ʃ', 'ʃː', 't', 'tː', 'tʰ', 'ts', 'tʃ', 'v̥', 'ʋ', 'ʋː', 'w', 'wː', 'x', 'xː', 'χ', 'χː', 'z̥', 'ʒ̊']"
Colognian,"['b', 'd', 'dʒ', 'f', 'ɡ', 'h', 'ɧ', 'j', 'ʒ', 'k', 'l', 'm', 'n', 'ŋ', 'p', 'ʁ', 's', 'ʃ', 't', 'ts', 'tʃ', 'v', 'w', 'x', 'z', 'ʔ']"
Greek,"['c', 'k', 'kʰ', 'x', 'ç', 'j', 'ʝ', 'ɣ', 'ɡ', 'ɟ', 'p', 'pʰ', 'f', 'v', 'b', 'w', 't', 'tʰ', 'θ', 'ð', 'd', 'h', 'l', 'ʎ', 'm', 'n', 'ɲ', 'ŋ', 'r', 'r̥', 's', 'z', 't͡s', 'd͡z', 'ʃ', 'ɕ', 'ʒ', 'ʑ', 't͡ʃ', 't͡ɕ', 'd͡ʒ', 'd͡ʑ', 'æ', '◌ː']"
Gujarati,"['b', 'd', 'ɖ', 'dʒ', 'ɡ', 'h', 'ɦ', 'j', 'k', 'l', 'ɭ', 'm', 'n', 'ɳ', 'ɲ', 'ŋ', 'p', 'ɾ', 'ɽ', 's', 'ʂ', 'ʃ', 't', 'ʈ', 'tʃ', 'ʋ']"
Haitian_Creole,"['b', 'ʃ', 'd', 'f', 'ɡ', 'h', 'j', 'k', 'l', 'm', 'n', 'ŋ', 'p', 's', 't', 'v', 'w', 'ɥ', 'z', 'ʒ', 'dʒ']"
Hawaiian,"['h', 'j', 'k', 'l', 'm', 'n', 'p', 't', 'v', 'w', 'ʔ', 'ˈ']"
Hebrew,"['b', 'd', 'ð', 'f', 'ɡ', 'ɣ', 'h', 'ħ', 'j', 'k', 'l', 'm', 'n', 'p', 'q', 'r', 's', 'sˤ', 'ʃ', 't', 'tˤ', 'θ', 'v', 'w', 'x', 'z', 'ʕ', 'ʔ', 'dʒ', 'ŋ', 'ʒ', 'tʃ', 'θ', 'ð', 'w']"
Hindi_and_Urdu,"['b', 'bʱ', 'd', 'dʱ', 'dʒ', 'dʒʱ', 'ɖ', 'ɖʱ', 'f', 'ɡ', 'ɡʱ', 'ɣ', 'ɦ', 'j', 'k', 'kʰ', 'l', 'm', 'n', 'ɳ', 'ɲ', 'ŋ', 'p', 'pʰ', 'q', 'r', 'ɾ', 'ɽ', 'ɽʱ', 's', 'ʂ', 'ʃ', 't', 'tʰ', 'tʃ', 'tʃʰ', 'ʈ', 'ʈʰ', 'ʋ', 'w', 'x', 'z', 'ʒ']"
Hungarian,"['b', 'c', 'd', 'd͡z', 'd͡ʒ', 'f', 'ɡ', 'h', 'j', 'ɟ', 'k', 'l', 'm', 'n', 'ŋ', 'ɲ', 'p', 'r', 's', 'ʃ', 't', 't͡s', 't͡ʃ', 'v', 'z', 'ʒ']"
Icelandic,"['c', 'cʰ', 'ç', 'ð', 'f', 'ɣ', 'h', 'ʰc', 'ʰk', 'ʰp', 'ʰt', 'j', 'k', 'kʰ', 'l', 'l̥', 'm', 'm̥', 'n', 'n̥', 'ɲ', 'ɲ̊', 'ŋ', 'ŋ̊', 'p', 'pʰ', 'r', 'r̥', 's', 't', 'tʰ', 'θ', 'v', 'x', 'xʷ']"
Malay,"['b', 'd', 'dʒ', 'f', 'ɡ', 'h', 'j', 'k', 'l', 'm', 'n', 'ŋ', 'ɲ', 'p', 'r', 's', 'ʃ', 't', 'tʃ', 'v', 'w', 'x', 'z', 'ʔ']"
Inuktitut,"['a', 'h', 'p', 't', 'k', 'ɣ', 'm', 'n', 's', 'l', 'j', 'v', 'ʁ', 'q', 'ŋ', 'ɬ']"
Inupiaq,"['h', 'ɣ', 'j', 'k', 'l', 'ɬ', 'ʎ', 'ʎ̥', 'm', 'n', 'ŋ', 'ɲ', 'p', 'q', 'ʁ', 's', 'ʂ', 't', 'tʃ', 'v', 'ʐ', 'f', 'ɴ', 'x', 'χ']"
Irish,
Lao,"['b', 'd', 'f', 'h', 'j', 'k', 'kʰ', 'l', 'm', 'n', 'ŋ', 'ɲ', 'p', 'pʰ', 'r', 'ɾ', 's', 't', 'tʰ', 'tɕ', 'tɕʰ', 'w', 'ʔ']"
Italian,"['b', 'd', 'dz', 'dʒ', 'f', 'ɡ', 'j', 'k', 'l', 'ʎ', 'm', 'ɱ', 'n', 'ŋ', 'ɲ', 'p', 'r', 's', 'ʃ', 't', 'ts', 'tʃ', 'v', 'w', 'z', 'h', 'θ', 'x', 'ʒ']"
Italian_dialects,"['b', 'bː', 'm', 'd', 'l', 'n', 'dʒ', 'dːʒ', 'ʒ', 'f', 'ɡ', 'j', 'ɡ', 'k', 'k̬', 'h', 'l', 'r', 'ʎ', 'm', 'n', 'ɲ', 'ŋ', 'ɱ', 'm', 'b', 'p', 'p̬', 'ɸ', 'r', 's', 'ts', 'ʃ', 'd', 't', 't̬', 'θ', 'dʒ', 'tʃ', 'ʃ', 'v', 'w', 'z', 's', 'a', 'e', 'ɛ', 'e', 'j', 'i', 'o', 'ɔ', 'o', 'u', 'a', 'e', 'i', 'e', 'o', 'u', 'ˈ', 'ˌ', '.', 'ː']"
Japanese,"['b', 'bʲ', 'ç', 'ɕ', 'd', 'dz', 'dʑ', 'ɸ', 'ɡ', 'ɡʲ', 'h', 'j', 'k', 'kʲ', 'm', 'mʲ', 'n', 'ɲ', 'ŋ', 'ɴ', 'p', 'pʲ', 'ɾ', 'ɾʲ', 's', 't', 'tɕ', 'ts', 'ɰ', 'ɰ̃', 'z', 'ʑ', 'ʔ']"
Kazakh,"['b', 'β', 'ɕ', 'd', 'f', 'ɡ', 'h', 'j', 'k', 'l', 'm', 'n', 'ɴ', 'ŋ', 'p', 'q', 'ɾ', 'ʁ', 's', 't', 'ts', 'tɕ', 'v', 'ɣ', 'w', 'χ', 'z', 'ʑ']"
Khmer,
Korean,"['b', 'd', 'dz', 'dʑ', 'ɡ', 'h', 'ɦ', 'j', 'k', 'l', 'm', 'n', 'ŋ', 'p', 'ɾ', 's', 'ɕ', 't', 'ts', 'tɕ', 'w', 'z', 'ʑ']"
Kurdish,
Kyrgyz,
Latin,"['b', 'd', 'dz', 'dʒ', 'f', 'ɡ', 'h', 'j', 'k', 'kʰ', 'kʷ', 'kᶣ', 'l', 'ɫ', 'm', 'n', 'ŋ', 'ɲ', 'p', 'pʰ', 'r', 's', 'ʃ', 't', 'tʰ', 'ts', 'tʃ', 'w', 'v', 'z']"
Latvian,"['b', 'c', 'd', 'dz', 'dʒ', 'f', 'ɡ', 'j', 'ɟ', 'k', 'l', 'ʎ', 'm', 'n', 'ɲ', 'ŋ', 'p', 'r', 's', 'ʃ', 't', 'ts', 'tʃ', 'v', 'x', 'z', 'ʒ']"
Ligurian,"['b', 'd', 'dʒ', 'dʒ', 'f', 'ɡ', 'k', 'l', 'm', 'n', 'ŋ', 'ŋ', 'ɲ', 'p', 'ɾ', 's', 's', 'ʃ', 't', 'tʃ', 'v', 'z', 'z', 'ʒ', 'j', 'w']"
Lithuanian,"['b', 'd', 'dz', 'dʒ', 'f', 'ɡ', 'ɣ', 'j', 'k', 'ɫ', 'm', 'n', 'ŋ', 'p', 'r', 's', 'ʃ', 't', 'ts', 'tʃ', 'v', 'x', 'z', 'ʒ']"
Lombard,"['b', 'd', 'dz', 'dʒ', 'f', 'ɡ', 'h', 'k', 'l', 'm', 'ɱ', 'n', 'ŋ', 'ɲ', 'p', 'r', 's', 'ʃ', 't', 'ts', 'tʃ', 'ʋ', 'z', 'ʒ', 'ʎ', 'j', 'w']"
Luxembourgish,"['b', 'ɕ', 'd', 'f', 'ɡ', 'h', 'j', 'k', 'l', 'm', 'n', 'ŋ', 'p', 'ʀ', 'ʁ', 's', 'ʃ', 't', 'ts', 'tʃ', 'v', 'χ', 'z', 'ʒ', 'bv', 'dz', 'dʒ', 'pf', 'w', 'ʑ']"
Macedonian,"['b', 'c', 'd', 'd͡z', 'd͡ʒ', 'f', 'ɡ', 'ɟ', 'j', 'k', 'l', 'ɫ', 'ʎ', 'm', 'n', 'ɲ', 'ŋ', 'p', 'r', 'r̩', 's', 'ʃ', 't', 't͡s', 't͡ʃ', 'v', 'x', 'z', 'ʒ']"
Maithili,"['b', 'bʱ', 'd', 'dʱ', 'dʑ', 'dʑʱ', 'ɖ', 'ɖʱ', 'ɡ', 'ɡʱ', 'ɦ', 'k', 'kʰ', 'l', 'm', 'n', 'ɳ', 'ɲ', 'ŋ', 'p', 'pʰ', 'r', 's', 't', 'tʰ', 'tɕ', 'tɕʰ', 'ʈ', 'ʈʰ']"
Malagasy,"['b', 'd', 'd͡z', 'ɖʐ', 'f', 'ɡ', 'h', 'k', 'l', 'm', 'n', 'ŋ', 'p', 'r', 's', 't', 't͡s', 'ʈʂ', 'v', 'z']"
Malayalam,"['k', 'kʰ', 'ɡ', 'ɡʱ', 't͡ʃ', 't͡ʃʰ', 'ɟ', 'ɟʱ', 'ʈ', 'ʈʰ', 'ɖ', 'ɖʱ', 't', 'tʰ', 'd', 'dʱ', 'p', 'f', 'b', 'bʱ', 'ŋ', 'ɲ', 'ɳ', 'n̪', 'm', 'j', 'ɾ', 'l', 'ʋ', 'ʃ', 'ʂ', 's', 'h', 'ɭ', 'ɻ', 'r', 'n']"
Maltese,"['b', 'd', 'dz', 'dʒ', 'f', 'ɡ', 'h', 'j', 'k', 'l', 'm', 'n', 'p', 'ɹ', 's', 'ʃ', 't', 'ts', 'tʃ', 'v', 'w', 'z', 'ʔ']"
Manx,"['b', 'm', 'v', 'f', 'n', 'ŋ', 'l', 'ɾ', 's', 'x', 'h', 'w', 'j', 'z', 'ʒ']"
M%C4%81ori,"['f', 'h', 'k', 'm', 'n', 'ŋ', 'p', 'ɾ', 't', 'w']"
Marathi,"['b', 'bʱ', 'd', 'dʱ', 'ɖ', 'ɖʱ', 'dʑ', 'dʑʱ', 'ɡ', 'ɡʱ', 'ɦ', 'j', 'k', 'kʰ', 'l', 'ɭ̆', 'm', 'n', 'ŋ', 'ɳ', 'p', 'pʰ', 'ɾ', 'ʃ', 'ʂ', 's', 't', 'tʰ', 'ʈ', 'tɕ', 'tɕʰ', 'ʋ']"
Marshallese,
Mauritian_Creole,"['b', 'd', 'dz', 'dʒ', 'f', 'ɡ', 'j', 'k', 'l', 'm', 'n', 'ŋ', 'ɲ', 'p', 'ʁ', 's', 't', 'ts', 'tʃ', 'v', 'w', 'z', 'h']"
Mayan,"['ʔ', 'ɓ', 'tʃ', 'tʃʼ', 'h', 'x', 'k', 'kʼ', 'l', 'm', 'n', 'ŋ', 'p', 'pʼ', 'q', 'qʼ', 'ɾ', 's', 't', 'tʼ', 'ts', 'tsʼ', 'w', 'ʃ', 'j']"
Mongolian,"['f', 'g', 'ɢ', 'j', 'ʲ', 'kʰ', 'ɮ', 'm', 'n', 'ŋ', 'p', 'pʰ', 'r', 's', 'ʃ', 't', 'tʰ', 't͡s', 't͡ʃ', 't͡ʃʰ', 'w̜', 'x']"
Nahuatl,"['ʔ', 'j', 'k', 'kʷ', 'l', 'ɬ', 'm', 'n', 'p', 's', 'ʃ', 't', 't͡ɬ', 't͡ʃ', 't͡s', 'w', 'ʍ']"
Navajo,"['ʔ', 'p', 'tʃʰ', 'tʃʼ', 't', 't', 'ts', 'k', 'ɰ', 'h', 'hʷ', 'tʃ', 'kʰ', 'kʼ', 'kʷ', 'l', 'ɬ', 'm', 'n', 's', 'ʃ', 'tʰ', 'tʼ', 'tɬʰ', 'tɬʼ', 'tsʰ', 'tsʼ', 'w', 'j', 'z', 'ʒ']"
Neapolitan,"['b', 'd', 'dz', 'dʒ', 'f', 'ɡ', 'ʝ', 'k', 'c', 'l', 'm', 'ɱ', 'n', 'ŋ', 'ɲ', 'p', 'r', 's', 'ʃ', 't', 'ts', 'tʃ', 'v', 'z', 'ʒ', 'j', 'w']"
Nepali,"['b', 'd', 'ɖ', 'd͡z', 'ɡ', 'ɦ', 'k', 'l', 'm', 'n', 'ŋ', 'ɳ', 'p', 'r', 's', 't͡s', 't', 'ʈ', 'w', 'j']"
Northern_Thai,"['b', 'd', 'f', 'h', 'j', 'k', 'l', 'm', 'n', 'ŋ', 'ɲ', 'p', 'pʰ', 'r', 's', 't', 'tʰ', 't͡ɕ', 'w', 'x', 'ʔ']"
Norwegian,"['b', 'ç', 'd', 'ɖ', 'f', 'ɡ', 'h', 'j', 'k', 'l', 'l̩', 'ɫ', 'm', 'n', 'n̩', 'ɳ', 'ɳ̍', 'ŋ', 'p', 'r', 'ɽ', 's', 'ʂ', 't', 'ʈ', 'v']"
Occitan,"['b', 'β', 'd', 'dz', 'dʒ', 'ð', 'f', 'ɡ', 'ɣ', 'k', 'l', 'ʎ', 'm', 'n', 'ŋ', 'ɲ', 'p', 'r', 'ɾ', 's', 't', 'ts', 'tʃ', 'z', 'h', 'ʀ', 'ʃ', 'v', 'ʒ']"
Odia,"['b', 'bʱ', 'd', 'ɖ', 'dʒ', 'ɡ', 'ɡʱ', 'h', 'j', 'k', 'kʰ', 'l', 'ɭ', 'm', 'n', 'ɳ', 'ŋ', 'p', 'r', 'ɽ', 's', 't', 'ʈ', 'ʈʰ', 'tʃ', 'u']"
Piedmontese,"['b', 'd', 'dz', 'dʒ', 'f', 'ɡ', 'k', 'l', 'm', 'n', 'ŋ', 'ɲ', 'p', 'r', 's', 't', 'ts', 'tʃ', 'v', 'ʋ', 'z']"
Polish,"['b', 'ɕ', 'd', 'd͡z', 'd͡ʑ', 'd͡ʐ', 'f', 'ɡ', 'ɡʲ', 'ɣ', 'j', 'j̃', 'k', 'kʲ', 'l', 'm', 'n', 'ɲ', 'ŋ', 'p', 'r', 's', 'ʂ', 't', 't͡ɕ', 't͡s', 't͡ʂ', 'v', 'w', 'x', 'xʲ', 'z', 'ʑ', 'ʐ']"
Portuguese,"['b', 'β', 'ð', 'd', 'dʒ', 'f', 'ɡ', 'ɣ', 'k', 'l', 'w', 'ʎ', 'm', 'n', 'ɲ', 'p', 'ʁ', 'ɾ', 'ɾ', 's', 'ʃ', 'ʃ', 'tʃ', 't', 't', 'v', 'ʒ', 'z', 'z', 'j', 'w']"
Punjabi,"['b', 'd', 'dʒ', 'ɖ', 'f', 'ɡ', 'ɣ', 'ɦ', 'j', 'k', 'kʰ', 'l', 'ɭ', 'm', 'n', 'ɳ', 'ɲ', 'ŋ', 'p', 'pʰ', 'q', 'r', 'ɾ', 'ɽ', 'ɽʱ', 's', 'ʃ', 't', 'tʰ', 'tʃ', 'tʃʰ', 'ʈ', 'ʈʰ', 'ʋ', 'x', 'z']"
Quechua,"['h', 'j', 'k', 'kʰ', 'kʼ', 'l', 'ʎ', 'm', 'n', 'ɲ', 'p', 'pʰ', 'pʼ', 'q', 'qʰ', 'qʼ', 'ɾ', 's', 'ʃ', 't', 'tʰ', 'tʼ', 'tʃ', 'tʃʰ', 'tʃʼ', 'w']"
Romanian,"['b', 'd', 'dʒ', 'f', 'ɡ', 'h', 'k', 'l', 'm', 'n', 'ŋ', 'p', 'r', 's', 'ʃ', 't', 'ts', 'tʃ', 'v', 'z', 'ʒ', 'ɲ']"
Romansh,"['b', 'd', 'dʑ', 'f', 'ɡ', 'k', 'l', 'ʎ', 'm', 'n', 'ŋ', 'ɲ', 'p', 'r', 's', 'ʃ', 't', 'ts', 'tɕ', 'tʃ', 'v', 'z', 'ʒ', 'h', 'ç', 'j', 'w']"
Russian,"['b', 'd', 'f', 'ɡ', 'j', 'k', 'l', 'm', 'n', 'p', 'r', 's', 'ʂ', 't', 'ts', 'v', 'x', 'z', 'ʐ', 'a', 'ɛ', 'ɨ', 'o', 'u', 'ɐ', 'ə', 'ɨ', 'ʊ', 'ɛ', 'o', 'ˈ', 'ː']"
Sanskrit,"['b', 'bʱ', 'ɕ', 'd', 'dʱ', 'ɖ', 'ɖʱ', 'ɡ', 'ɡʱ', 'ɦ', 'j', 'dʑ', 'dʑʱ', 'ɟ', 'k', 'kʰ', 'l', 'm', 'n', 'ɲ', 'ɳ', 'ŋ', 'p', 'pʰ', 'r', 's', 'ʂ', 't', 'tʰ', 'ʈ', 'ʈʰ', 'tɕ', 'tɕʰ', 'ʋ']"
Sardinian,"['b', 'β', 'd', 'dz', 'dʒ', 'ɖ', 'ð', 'f', 'ɡ', 'ɣ', 'k', 'l', 'ʎ', 'm', 'ɱ', 'n', 'ŋ', 'ɲ', 'ɳ', 'p', 'ɾ', 'r', 's', 'ʃ', 't', 'ts', 'tʃ', 'θ', 'v', 'z', 'ʒ', 'ʔ']"
Scottish_Gaelic,"['f', 'ɣ', 'h', 'j', 'k', 'l̪ˠ', 'ʎ', 'm', 'n̪ˠ', 'n', 'ŋ', 'p', 'rˠ', 'ɾ', 's̪', 't̪', 'v', 'x']"
Serbo-Croatian,"['b', 'd', 'dʑ', 'dʒ', 'f', 'ɡ', 'j', 'k', 'l', 'l̩', 'ʎ', 'm', 'n', 'n̩', 'ŋ', 'ɲ', 'p', 'r', 'r̩', 's', 'ʃ', 't', 'tɕ', 'ts', 'tʃ', 'ʋ', 'x', 'z', 'ʒ']"
Shan_and_Tai_Lue,"['b', 'd', 'f', 'ɡ', 'h', 'j', 'k', 'kʰ', 'l', 'm', 'n', 'ŋ', 'ɲ', 'p', 'pʰ', 'r', 's', 'ʃ', 't', 'tʰ', 'ts', 'tsʰ', 'θ', 'v', 'w', 'x', 'z', 'ʔ']"
Sicilian,"['b', 'c', 'ç', 'd', 'dz', 'dʒ', 'ɖ', 'f', 'ɡ', 'ɟ', 'k', 'l', 'm', 'ɱ', 'n', 'ŋ', 'ɳ', 'ɲ', 'p', 'r', 'ɾ', 'ɽ', 's', 'ʂ', 'ʃ', 't', 'ts', 'tʃ', 'ʈ', 'v', 'z']"
Slovak,"['b', 'c', 'd', 'dz', 'dʒ', 'f', 'ɡ', 'ɦ', 'j', 'ɟ', 'k', 'l', 'l̩', 'ʎ', 'm', 'ɱ', 'n', 'ɲ', 'ŋ', 'p', 'r', 'r̩ː', 's', 'ʃ', 't', 'ts', 'tʃ', 'v', 'ʋ', 'x', 'z', 'ʒ']"
Slovene,"['b', 'd', 'dz', 'dʒ', 'f', 'ɡ', 'ɣ', 'j', 'k', 'l', 'm', 'ɱ', 'n', 'ŋ', 'p', 'ɾ', 's', 'ʃ', 't', 'ts', 'tʃ', 'v', 'ʋ', 'w', 'x', 'z', 'ʒ']"
Spanish,"['b', 'β', 'd', 'ð', 'f', 'ɡ', 'ɣ', 'ʝ', 'ɟʝ', 'k', 'l', 'ʎ', 'm', 'ɱ', 'n', 'ɲ', 'ŋ', 'p', 'r', 'ɾ', 's', 'θ', 't', 'tʃ', 'v', 'x', 'z', 'ʃ', 'ts']"
Swahili,"['ɓ', 'ɗ', 'ð', 'ʄ', 'f', 'ɠ', 'ɣ', 'h', 'j', 'k', 'l', 'm', 'm̩', 'ᵐb', 'ᶬv', 'n', 'n̩', 'ⁿd', 'ᵑɡ', 'ⁿdʒ', 'ⁿz', 'ɲ', 'ŋ', 'p', 'r', 's', 'ʃ', 't', 'tʃ', 'θ', 'v', 'w', 'x', 'z']"
Nguni,"['bʱ', 'bʱ', 'b', 'd', 'dʒ', 'f', 'ɡ', 'ɠ', 'h', 'ɦ', 'j', 'kʰ', 'k', 'kxʼ', 'l', 'ɬ', 'ɮ', 'm', 'n', 'ɲ', 'pʰ', 'p', 'r', 's', 'ʃ', 'tʰ', 't', 'tsʼ', 'tʃʼ', 'v', 'w', 'x', 'z', 'ᵏǀ', 'ᵏǁ', 'ᵏǃ', 'ᶢǀʱ', 'ᶢǁʱ', 'ᶢǃʱ', 'ᵑǀ', 'ᵑǁ', 'ᵑǃ', 'ɛ', 'e', 'i', 'ɔ', 'o', 'u']"
Swedish,"['b', 'ɕ', 'd', 'ɖ', 'f', 'ɡ', 'h', 'ɧ', 'j', 'k', 'l', 'ɭ', 'm', 'n', 'ɳ', 'ŋ', 'p', 'r', 's', 'ʂ', 't', 'ʈ', 'v', 'w', 'aː']"
Tagalog,"['ʔ', 'b', 'd', 'dʒ', 'ɡ', 'h', 'j', 'k', 'l', 'm', 'n', 'ŋ', 'ɲ', 'p', 'ɾ', 's', 'ʃ', 't', 'ts', 'tʃ', 'w', 'f', 'ɣ', 'ʎ', 'r', 'ɹ', 'v', 'x', 'z']"
Tamil,"['b', 'ɕ', 'd', 'ɖ', 'ð', 'dʑ', 'ɡ', 'h', 'j', 'k', 'l', 'ɭ', 'm', 'n', 'n̪', 'ɲ', 'ɳ', 'ŋ', 'r', 'ɾ', 'ɽ', 'ɻ', 's', 'ʂ', 't', 'ʈ', 'tɕ', 'ʋ', 'x']"
Tatar,"['b', 'ɕ', 'ɕː', 'd', 'f', 'ɡ', 'h', 'j', 'k', 'l', 'm', 'n', 'ŋ', 'p', 'q', 'r', 'ʁ', 's', 'ʃ', 't', 'ts', 'tɕ', 'v', 'w', 'χ', 'z', 'ʑ', 'ʒ', 'ʔ']"
Telugu,"['b', 'ʱ', 'd', 'ʱ', 'ɖ', 'ʱ', 'dʒ', 'j', 'ʱ', 'ɡ', 'ʱ', 'ɦ', 'k', 'ʰ', 'l', 'ɭ', 'm', 'n', 'ɲ', 'ŋ', 'p', 'ʰ', 'r', 'ɾ̪', 'r', 'ɽʱ', 's', 'ʃ', 't', 'ʰ', 'ʈ', 'ʰ', 'tʃ', 'ʰ']"
Thai,"['b', 'd', 'f', 'h', 'j', 'k', 'kʰ', 'l', 'm', 'n', 'ŋ', 'p', 'pʰ', 'r', 's', 't', 'tʰ', 'tɕ', 'tɕʰ', 'w', 'ʔ', 'j', 'k', 'm', 'n', 'ŋ', 'p', 't', 'w', 'ʔ']"
Tibetan,"['b', 'c', 'cʰ', 'ɕ', 'd', 'ɖ', 'dz', 'dʑ', 'ɡ', 'h', 'j', 'ɟ', 'k', 'kʰ', 'l', 'l̥', 'm', 'n', 'ɲ', 'ŋ', 'p', 'pʰ', 'ɹ', 'ɹ̥', 's', 'ʂ', 't', 'tʰ', 'ʈ', 'ʈʰ', 'tɕ', 'tɕʰ', 'ts', 'tsʰ', 'w', 'z', 'ʑ', 'ʔ', 'ʎ', 'ɥ', 'ç']"
Tigrinya,
Turkish,
Turkmen,
Ukrainian,"['b', 'd', 'dz', 'dʒ', 'f', 'ɡ', 'ɣ', 'ɦ', 'j', 'k', 'l', 'm', 'n', 'p', 'r', 's', 'ʃ', 't', 'ts', 'tʃ', 'u̯', 'v', 'w', 'x', 'z', 'ʒ']"
Uzbek,"['b', 'd', 'dʒ', 'ɸ', 'ɡ', 'h', 'j', 'k', 'l', 'm', 'n', 'ŋ', 'p', 'q', 'r', 'ʁ', 's', 'ʃ', 't', 'tʃ', 'w', 'χ', 'z', 'ʔ']"
Venetian,"['b', 'd', 'dz', 'dʒ', 'f', 'h', 'ɡ', 'k', 'l', 'ɰ', 'm', 'n', 'ŋ', 'ɲ', 'p', 'ɾ', 's', 't', 'ts', 'tʃ', 'v', 'z']"
Vietnamese,"['ʔ', 'ɓ', 'ɗ', 'f', 'ɣ', 'h', 'k', 'w', 'x', 'l', 'm', 'n', 'ɲ', 'ŋ', 'p', 's', 'ʂ', 't', 'tʰ', 't͡ɕ', 'ʈ', 'v', 'z', 'z', 'r', 'ʷ', 'j', 'm', 'n', 'ŋ', 'n', 'n', 'ŋm', 'p', 't', 'k', 't', 't', 'kp', 'w']"
Walloon,"['b', 'ç', 'χ', 'd', 'dʒ', 'f', 'ɡ', 'h', 'k', 'l', 'm', 'n', 'ɲ', 'p', 'ʀ', 's', 'ʃ', 't', 'tʃ', 'v', 'z', 'ʒ', 'j', 'w']"
Welsh,"['b', 'd', 'dʒ', 'ð', 'f', 'ɡ', 'h', 'j', 'k', 'l', 'ɬ', 'm', 'm̥', 'n', 'n̥', 'ŋ', 'ŋ̊', 'p', 'r', 'r̥', 's', 'ʃ', 't', 'tʃ', 'θ', 'v', 'w', 'χ', 'ʒ']"
West_Frisian,"['b', 'd', 'dz', 'f', 'ɡ', 'ɣ', 'h', 'j', 'k', 'l', 'l̩', 'm', 'm̩', 'n', 'n̩', 'ɲ', 'ŋ', 'ŋ̍', 'p', 'r', 'r̩', 's', 't', 'ts', 'v', 'ʋ', 'χ', 'z', 'ˈ', 'ˌ', '◌̃', 'ɑː', 'ɪː', 'øː', 'œː', 'œ', 'ɵ', 'ɞ']"
Yiddish,"['b', 'd', 'dʒ', 'f', 'ɡ', 'h', 'j', 'k', 'l', 'ʎ', 'm', 'n', 'ŋ', 'p', 'r', 's', 'ʃ', 't', 'v', 'χ', 'z', 'ʒ']"
